Barcode,mRNA_amount
GTAGCTCA,3.75
TAGACCAC,3.75
GGTCTATG,3.75
GTCCGAAT,7.5
TAGTGCGT,7.5
GACTGTAC,7.5
TCCAGTAG,7.5
AGCGTTGT,7.5
GATGCGTT,7.5
CCGTTAAG,7.5
CAAGCCAT,15
CTCCAAGA,15
CTGCGTAA,15
GTCCAACA,15
ACTTGTGG,15
AGCTCTGA,15
GCATTAGC,15
CCTATGAG,30
CAACGCTA,30
GCATAGTC,30
TAGGTCAC,30
ACTCAAGC,30
TCACCGAA,30
TCATGGAC,30
GACTACTG,3.75
AGTCTTGG,3.75
AGCAGCTT,3.75
TCACAGAC,7.5
CCTGTAAG,7.5
ATGACTGC,7.5
CTCTCCTT,7.5
CGTGTCAA,7.5
GCCTTAAG,7.5
GCACGTAT,7.5
CAACGTAC,15
GCGTACAT,15
TATCCAGG,15
CCGATATG,15
GTGTTAGC,15
GTGGTTGT,15
GTTGCTGA,15
CCTGGATA,30
ACCGACAT,30
ATGCTGAC,30
TACTGGCA,30
CAGTCATG,30
GTGATTCG,30
CGCATGTA,30
AGTGTGCT,3.75
TGTCGCAA,3.75
GGACTTAC,3.75
CTATCGGA,7.5
ACGCGTTA,7.5
TACGCTGA,7.5
ACTACACG,7.5
ATCACGAC,7.5
CATCAAGC,7.5
ACTGTTGG,7.5
TCAGTGCA,15
GCGATATC,15
TGCGTAGT,15
GCTAGTGT,15
CTCACGAA,15
AGTCACGT,15
CACGGTAT,15
GGCACTTA,30
TGCACGTA,30
GGTTATGC,30
TGACTCAG,30
GACCATCA,30
TCCTCTTC,30
ACTGTGAC,30
ACAACGTC,3.75
CCATCAAG,3.75
ATTGCGTG,3.75
CTACGCAA,7.5
GCTAAGCT,7.5
ATGCCAGT,7.5
CATCCAGA,7.5
GACTACCA,7.5
CAGTGCTA,7.5
CGTGAATC,7.5
GGTAACTC,15
CACTAGCA,15
GATACTGC,15
GTGCGTTA,15
GGATGCTT,15
TCAGGTGT,15
TAGCTCAG,15
TAGCGATC,30
CCTAGTAG,30
CAGCTTAG,30
AGGTTCCA,30
TGGCGATT,30
ACCAATCG,30
GAAGGAAG,30
TGGTCGAT,3.75
TGCGACTA,3.75
TGACTACG,3.75
GGCATGTT,7.5
ACGATGTC,7.5
GTACTTGG,7.5
TAGGTGCT,7.5
AGCTTGCA,7.5
AGTGACTC,7.5
TACGAGTC,7.5
GTGCGTAT,15
CGACACAT,15
TCGACTAG,15
TCACGGTA,15
ATGGTGCT,15
GTACTGTG,15
CGATTGTG,15
CACAAGTC,30
CAACTGAC,30
TCGTTGGA,30
TGAGTTGC,30
TCTCGGAA,30
CGACTACA,30
ATCCGTAG,30
ATTCGCAG,3.75
TAACCGTG,3.75
AGGAGGAA,3.75
GTCGCTAA,7.5
ATAGGCTC,7.5
GAGAGGAA,7.5
ACACAGCT,7.5
CGACGTAT,7.5
ACATGCCA,7.5
GTTCCAAG,7.5
GCGTGATT,15
TGATGCTG,15
TACCGATG,15
TACAGGCT,15
AGCTTACG,15
GAGTTCCA,15
GCTGCATA,15
TACCACGA,30
ACACACGT,30
CTGCAACA,30
GTAGACCT,30
TGCCAGTA,30
AGCGTTAC,30
GTAGTCCA,30
GGCTAATC,3.75
CACGAGTT,3.75
CGAACTGT,3.75
GATTCGCA,7.5
ACCGTTAG,7.5
CCGATAGT,7.5
GAATCGTC,7.5
GTAGGTCT,7.5
GATTCGGT,7.5
TGGCATCA,7.5
GTTGTGAC,15
GTGTAGCT,15
GGTCAATC,15
TGTCGATG,15
CCAACTAG,15
AATCCGCA,15
GCTACAAC,15
CGATTCAG,30
GTACGACT,30
CGACATAC,30
ATAGCGTC,30
AACCAGTC,30
GGCTTAAC,30
ACAGCTAC,30
TGCACTGA,3.75
GTTGCGAT,3.75
CGAATCGT,3.75
GTGCATGT,7.5
AGTTGCTG,7.5
GTAACGCT,7.5
CGAACACT,7.5
GGAACTCT,7.5
AGTCGTAC,7.5
ACGGTTAC,7.5
ATTGGCAC,15
CAGTCCAA,15
TCCTTCTC,15
TAGTCAGC,15
ACGACATC,15
GTTGTCAG,15
CATGGTTG,15
GCGTTGTA,30
GGAGTCTT,30
AACGCTGT,30
ACGAACTC,30
CCTTCTTC,30
CATACGTG,30
ACATTGGC,30
ATTGGCGT,3.75
CACAATCG,3.75
CTAGACCA,3.75
TACGGATC,7.5
AGCAACTC,7.5
AAGTCGCT,7.5
ACAGCACT,7.5
ATCTACGG,7.5
CTATAGGC,7.5
AAGCTCCA,7.5
CAATCCAG,15
ATGCAGCT,15
AACCGTAC,15
CTCTCTCT,15
AGCCTAAC,15
CTAAGCCA,15
AAGGAGGA,15
GCAAGCTT,30
CACAGTAC,30
ATGCACCA,30
GTGACACT,30
ATTGCTGG,30
TCGACCAA,30
CGTAACTG,30
CACTGCAA,3.75
CAAGACTC,3.75
GTGCTCAA,3.75
GGTGCATT,7.5
GTGTGGTT,7.5
GCCAACTA,7.5
TACTGTGG,7.5
CTACGACA,7.5
TACCGAAC,7.5
AGGCCATT,7.5
CGACCTAA,15
CTGTGAGT,15
CAGACGTT,15
CGAATCCA,15
TCCATGAG,15
TCATGGTG,15
CTAACACG,15
TCTTCCTC,30
GCGTTAGT,30
CTCCTCTT,30
CGCATGAT,30
GACCACTA,30
TATGGCTG,30
GCATGTAC,30
TCTCCTCT,3.75
ACCAACGT,3.75
GTAGTGTC,3.75
TCTCAAGG,7.5
TATGGCCA,7.5
TACACGTG,7.5
ACTTCAGG,7.5
ACCACTGA,7.5
GCTCTGAA,7.5
CAAGTGTC,7.5
TGCATGGT,15
GCAGTCAT,15
ACTACGGT,15
AACTGTGC,15
ACGCACTA,15
AGTCATGC,15
TGTATGGC,15
GTGGTCTA,30
AGTATCCG,30
TATTGCGG,30
CGTAGCAT,30
ACCAAGTC,30
CGTGATGT,30
CCATCGAA,30
CTAGGATC,3.75
ACACGCAT,3.75
TGCGGATT,3.75
CGACCATA,7.5
TCGCACAA,7.5
AGCTGTTG,7.5
GAACTTCG,7.5
TGGTGATC,7.5
CGATAGCT,7.5
ATCCGCAA,7.5
CGCTAGTA,15
CGCAACAT,15
GACCTACA,15
AGGAAGGA,15
CAACATGC,15
CCAATAGC,15
TCGAGTTG,15
GCGCAATT,30
ACCATGTG,30
CACACTAG,30
TGCAATGC,30
GCAATGTC,30
TGGTCTGA,30
GTCATGTG,30
GTCATGCA,3.75
GGTACACT,3.75
TCAAGCAC,3.75
GCAAGTTC,7.5
GGTATCGT,7.5
ATGTCCAG,7.5
ACTCTGAG,7.5
GGCCAATT,7.5
CATTGTGG,7.5
GATTGGTC,7.5
TCAGGCAT,15
TGCGGTTA,15
GACATGCT,15
TAAGCTGC,15
AGCGTATC,15
ATTGCCGA,15
TAGGTTGC,15
TGGCAACT,30
GCCAATTG,30
TGCCAGAT,30
TAGCGTCA,30
ACCAAGCT,30
AGCATGTC,30
GCGCTTAA,3.75
GTTACCGA,3.75
GGACTTGT,3.75
TGACCATG,7.5
ACCGTGAT,7.5
ATGCAGTC,7.5
CGTAGTGT,7.5
AGGTTCAC,7.5
TGGTTGCA,7.5
TAGCCGAT,7.5
CAGTACCA,15
CAATTGGC,15
TGCTAGGT,15
AACGTCAC,15
CCGATGTA,15
GGTTAGCT,15
GTCAGTAC,15
CAATCGGT,30
GCGTGTAT,30
GCATGTGT,30
GTTGAGTC,30
CACTACAG,30
GTATGGTC,30
TCGCTGAA,30
CTCAAGAC,3.75
GCCATGAT,3.75
ATTGTGGC,3.75
AGCACTTG,7.5
TCACACGA,7.5
CCACTAAG,7.5
TACCGTGA,7.5
GCCATCAA,7.5
GGCTATCA,7.5
GGTCCAAT,7.5
GTGAGTTC,15
ATGGTCCA,15
GGAAGAAG,15
GAGACCTT,15
AGCTCATG,15
CTCACAGA,15
GAATCCAC,15
CGTCGATA,30
TCCAGTGA,30
CGCAATAC,30
AGTGTCTG,30
CAACTAGC,30
ATACCACG,30
TAGGCTGT,30
ATGAGCTC,3.75
TACGTGCA,3.75
ACGCCATA,3.75
TACAGCGT,7.5
GGTGATTC,7.5
TAGGCCAT,7.5
TGCAGACT,7.5
GAGAGAAG,7.5
CTACGAAC,7.5
AACACCAC,7.5
ACGTATCG,15
ACACTCGA,15
GTACATCG,15
GCTTGATG,15
TCGAGACT,15
CTGGTATG,15
GTCACGTA,15
ACGTGTGT,30
TCAGCGTA,30
AGAAGAGG,30
TATCCGGA,30
ACGACTCA,30
AGTTCTGG,30
CGAACTCA,30
