Tagln,1
Anxa3,1
H19,1
Car4,1
Thbs1,1
Acta2,1
Pmp22,1
Mal2,1
Gbp2,1
Spry4,1
Pea15a,1
Krt18,1
Acta1,1
Peg10,1
Sema3e,1
Krt19,1
Bmp8b,1
Sertad4,1
Tacstd2,1
Cav1,1
Fndc3c1,1
Gbp7,1
Spta1,1
Map7d3,1
Enpp2,1
Kif1a,1
3830417A13Rik,1
Timp2,1
Amot,1
Col1a2,1
Hs6st2,1
Wisp1,1
AU015836,1
Scel,1
Csf1,1
Nhs,1
Cxcl16,1
Cnn1,1
Tgfb1i1,1
D330045A20Rik,1
Bgn,1
2310007B03Rik,1
Fermt1,1
Synpo2l,1
Wnt7a,1
Ccdc80,1
Flnc,1
Pdlim2,1
Nrip3,1
Actc1,1
Ifit2,1
Dsc2,1
Prmt2,1
Cav2,1
Cysltr1,1
Dusp9,1
Synpo2,1
Fgf15,1
Plac8,1
Wt1,1
Adm,1
Tmem246,1
Runx1,1
Fhl2,1
Dusp8,1
Ptchd1,1
Klhl30,1
Cryab,1
Dbn1,1
Slc16a2,1
Gap43,1
Raver2,1
Fkbp10,1
Wnt7b,1
Sel1l3,1
Gatm,1
F3,1
Cnr1,1
Tmem125,1
Krt20,1
Tnnc1,1
Ccnd2,1
Ppl,1
Tmem54,1
Syt13,1
Crybg1,1
Ankrd1,1
Prss23,1
Gsap,1
Gramd3,1
Hpn,1
Tgfb2,1
Fosl2,1
Msrb3,1
Krt8,1
Slc25a24,1
Flt1,1
Zfp618,1
Igsf10,1
Tmem154,1
Tgfa,1
Trim67,1
Nrg1,1
Hfe2,1
Greb1l,1
S100a6,1
Synm,1
Col4a5,1
Zbtb42,1
Arhgap6,1
C430042M11Rik,1
Nlrp9b,1
Cd44,1
Wdr72,1
H2-Q2,1
Wdr86,1
Fgf5,1
Gm16136,1
Nt5e,1
Tmprss2,1
Gm7497,1
Col6a5,1
Slc9b2,1
F5,1
Cacna1b,1
Gbp3,1
Pla2g4a,1
Vash2,1
Nrsn1,1
Ramp3,1
Psors1c2,1
Pwwp2b,1
Cnksr1,1
Gramd1c,1
Tmprss13,1
Tmem45b,1
Bdh2,1
Matn3,1
Perp,1
Slc39a8,1
Dlx3,1
Myl9,1
Lin28b,1
Ets1,1
Gm16233,1
Tgfb3,1
Soga3,1
2610528J11Rik,1
Dusp4,1
Afap1l1,1
Syt4,1
Htr1d,1
Igsf1,1
Zfp608,1
Rasef,1
D1Ertd622e,1
Slc5a5,1
Tpm1,1
Kcnj3,1
Epha1,1
Slc22a7,1
Mthfd2l,1
Lrrc32,1
Neurod1,1
9130008F23Rik,1
Igdcc4,1
Fras1,1
Ddx25,1
Macc1,1
Zcchc12,1
Mafb,1
Aif1l,1
Gm16138,1
Cldn6,1
Bmp1,1
Trpv2,1
Eif4e3,1
Fam149a,1
Grip1,1
Lsp1,1
Cyp1b1,1
Lipg,1
Sorbs2,1
Car3,1
Nrxn1,1
Moxd1,1
Il33,1
Galnt14,1
Stbd1,1
Slc35g2,1
Pon2,1
Evc2,1
Gna14,1
Myrf,1
Lpar4,1
Mfap2,1
Nrbp2,1
Vrtn,1
Sort1,1
Chst15,1
Zfp677,1
Arhgap29,1
Meis1,1
Calcrl,1
Igsf9,1
Coro2a,1
Il17re,1
Ptprn,1
Igf2,1
Arhgef5,1
Tmem184a,1
Creb5,1
Adamts1,1
A930024E05Rik,1
Jph4,1
Gm10371,1
Enpp3,1
1700029J07Rik,1
Lrrc8c,1
Gipc2,1
Kctd12b,1
Insl6,1
Tns2,1
Herc6,1
Pkia,1
Lin28a,1
Lcat,1
Wipf3,1
Cda,1
Nectin4,1
Mcoln3,1
Metrnl,1
Cass4,1
Prtg,1
Esrp1,1
Cxcl12,1
Cavin1,1
Nnat,1
F8,1
Cdh13,1
Erfe,1
Jakmip2,1
Trabd2b,1
Agbl3,1
Fndc4,1
Naglu,1
Gadd45g,1
Tmem59l,1
Gdap1l1,1
Gm26945,1
Nuak1,1
Ccdc116,1
Anxa2,1
Speg,1
Slc25a41,1
Usp51,1
Mycbpap,1
Arrb1,1
Efnb2,1
Psmb9,1
Gm15706,1
Syngr3,1
Pip5kl1,1
Steap2,1
Tmprss11d,1
Pgf,1
Sox11,1
Lrrc3,1
Sh3bp5,1
Ptn,1
Gsn,1
Ptprm,1
Galnt3,1
Hmgcll1,1
Arhgef9,1
Gm26574,1
Ccdc40,1
Anpep,1
Cracr2b,1
4732491K20Rik,1
6330403K07Rik,1
Tcaf2,1
Mboat1,1
Pou3f1,1
Cish,1
Hapln4,1
Bcl11a,1
Drc1,1
Krt7,1
Procr,1
Mxra7,1
Crym,1
Pxdc1,1
Cnn2,1
Gadd45a,1
Adam23,1
Zfp3,1
Slc38a5,1
Dll1,1
Ehd2,1
Nsmf,1
Calml4,1
Ninj2,1
Gm12758,1
Lypd6b,1
Fam83h,1
Wnt4,1
Muc3a,1
Lamb3,1
Vgll3,1
Pitx2,1
Tnfsf11,1
Gm14021,1
Sgce,1
Chst5,1
Rab39b,1
Slc1a3,1
Arl4c,1
Aspg,1
Hspb2,1
Fgfr2,1
Krt14,1
Casq1,1
Phldb2,1
Col4a1,1
3830408C21Rik,1
Tcerg1l,1
Slc39a14,1
Junb,1
Apc2,1
Prph,1
Fam187b,1
Rbbp8nl,1
Mrc2,1
Hck,1
Lysmd2,1
Klf12,1
Bcl2,1
Amigo2,1
Bend5,1
Ppp4r4,1
Hand1,1
Pxdn,1
Erap1,1
Myzap,1
Cald1,1
Ncan,1
Jph2,1
Usp44,1
Gm10364,1
Upk3bl,1
Lpp,1
Gm4128,1
Bik,1
Fut1,1
Parva,1
Pdzk1ip1,1
Armcx2,1
Sox4,1
Rbp1,1
Has2,1
Zmynd15,1
Tnnt3,1
Zcchc18,1
Dnmt3l,1
Ghr,1
Slc45a1,1
Gja1,1
Psmb8,1
Spink1,1
Glt28d2,1
Col4a2,1
Chst1,1
Itga1,1
Itgb8,1
Prrx2,1
Cflar,1
Gpr4,1
Syt1,1
Pdyn,1
Klc3,1
Vwa2,1
Mfap3l,1
Gm3696,1
Dnmt3b,1
Bcl6b,1
Col6a2,1
Dkk3,1
Asb16,1
Kctd4,1
Slc40a1,1
Rab15,1
Rtl6,1
R74862,1
Gpr179,1
Egln3,1
Tbxa2r,1
Jph1,1
Col2a1,1
Fam46a,1
Prag1,1
Rdh10,1
Basp1,1
Efna5,1
Zbtb5,1
Loxl4,1
Snap25,1
Ina,1
BC107364,1
Zyx,1
Anxa1,1
BB218582,1
Cd79a,1
Tmsb4x,1
Foxr2,1
Oaf,1
Lrrfip1,1
Lsr,1
Cobll1,1
Hectd2,1
Cgn,1
Snx7,1
A230056P14Rik,1
Morc4,1
Tdrd7,1
Cgrrf1,1
Fthl17a,1
Gm12786,1
Fhl1,1
Nexn,1
Fzd7,1
Tns4,1
D130007C19Rik,1
Nabp1,1
Tpm2,1
Pstpip2,1
Meis3,1
Atxn1l,1
Pabpc1l,1
Fam46b,1
Rbms1,1
Ikzf4,1
Efcab2,1
Igsf6,1
Agpat4,1
Baiap2l1,1
Irs2,1
Myb,1
Gm26813,1
Gm12846,1
Kbtbd13,1
Rtl1,1
Armcx3,1
Vgf,1
Rapgef5,1
Man1a,1
H2-Q6,1
Chst14,1
Steap1,1
Afap1l2,1
Ier3,1
Platr22,1
Spry1,1
Cthrc1,1
Nudt11,1
Dusp22,1
Fam102b,1
Foxp1,1
Gm14817,1
Bicdl2,1
Rit1,1
Plaur,1
Halr1,1
Clic6,1
Gm26762,1
Gm13056,1
Pak3,1
Cldn7,1
Clca4a,1
Cdkn1c,1
Gm16439,1
Gm15261,1
Mest,1
Dnajc22,1
Rasl11a,1
Crim1,1
Efemp1,1
Plvap,1
Prnp,1
Slc2a1,1
Myc,1
Lrp2,1
Ctdspl,1
Synj2,1
Sh3bgrl,1
Cep83os,1
Col4a6,1
Ccdc85a,1
Pdgfb,1
Gpr173,1
F2r,1
Selenop,1
Prrg4,1
Col18a1,1
Cdx4,1
Samd4,1
Lgals1,1
Dusp6,1
Lhfp,1
Lag3,1
Gng13,1
Gm10406,1
Exoc3l4,1
Id1,1
Ttc16,1
Ebf4,1
Phlda1,1
Adam8,1
Slpi,1
Arhgef40,1
Epha7,1
Cdk14,1
Stmn4,1
Bbs10,1
Sft2d2,1
Pkp2,1
Bmf,1
B130034C11Rik,1
Gm11814,1
Trim46,1
Igfbp4,1
1700093K21Rik,1
Elavl3,1
Rassf8,1
Bnip3,1
Rin3,1
Plekhb1,1
2200002D01Rik,1
Zfp125,1
1190005I06Rik,1
Parp8,1
Ms4a4d,1
Plcxd2,1
Cd300a,1
Cacng7,1
Slc7a11,1
S100a3,1
Clu,1
Rab27a,1
Ddr1,1
Unc45b,1
Tmem88,1
Fitm1,1
Bag2,1
Lypd2,1
1500009L16Rik,1
Ecscr,1
Lpar2,1
Icosl,1
Grhl2,1
Gm3453,1
Sult4a1,1
Rgs17,1
Fam228b,1
Nfkb1,1
Lrrk1,1
Phlda2,1
Gng3,1
Car2,1
Pdlim7,1
Spin2c,1
Vasn,1
Egfros,1
B230216N24Rik,1
Gm26670,1
Pla2g12a,1
Insm1,1
Fsip1,1
Pdk1,1
Airn,1
Gfod1,1
Gast,1
Marveld3,1
Ttyh3,1
Fam57b,1
Usp25,1
E030044B06Rik,1
Fgf17,1
Selenoi,1
Nrk,1
Cox4i2,1
Col8a2,1
Serp2,1
Igfbp3,1
Gm15428,1
Phldb1,1
Evpl,1
Gm16630,1
Tnfaip2,1
Mttp,1
Gm12987,1
Hacd4,1
Pkdcc,1
Sfn,1
Rflnb,1
Col7a1,1
Zfp697,1
Map3k6,1
Tspan9,1
Gm3468,1
Actg-ps1,1
Prss8,1
6330403N20Rik,1
Ap1s3,1
Lats2,1
Rnf128,1
Shroom4,1
Evc,1
Mdfi,1
Clcn5,1
Tppp3,1
Maff,1
Ak3,1
Zglp1,1
Soat1,1
Rhoc,1
Steap3,1
Fignl2,1
Stap2,1
Tuba1a,1
Nptxr,1
Specc1,1
Mctp2,1
Creb3l1,1
Prdx6b,1
Slc7a7,1
Gm16103,1
Fam114a1,1
Tspan7,1
Pianp,1
Gm15867,1
Shc2,1
Fam129b,1
Dok2,1
Nog,1
Satb1,1
Gm11470,1
Gm4735,1
Fam89a,1
Pmaip1,1
Tmem2,1
Nr4a2,1
Serpinh1,1
Gm6517,1
Klf7,1
Calca,1
Klrb1c,1
2610042L04Rik,1
Gm5537,1
Gm12213,1
Rsph3a,1
Nov,1
Pi4k2b,1
Ptgds,1
Prdx6-ps2,1
Dapk1,1
Lamb1,1
Lmo4,1
Pcdh1,1
Itga11,1
Hsbp1l1,1
Wnt2b,1
Slc23a1,1
Gbe1,1
Bex1,1
Noct,1
1700016C15Rik,1
Id2,1
Gm9115,1
Tubb6,1
Gm26603,1
Plch2,1
Dab2,1
Gm23787,1
Gm14857,1
Vaultrc5,1
Gm13642,1
Porcn,1
Inf2,1
Gm10482,1
Peg3,1
Gpc4,1
Rhou,1
Ptpn14,1
D630003M21Rik,1
Gm5389,1
Kbtbd7,1
Tcf15,1
Pcsk4,1
Gm3636,1
Wls,1
Gm2237,1
Gc,1
D930048G16Rik,1
Cib2,1
Nudt16,1
Dubr,1
Lrrc61,1
Dlg4,1
Clip3,1
Fbxo2,1
Cyr61,1
Mical2,1
Gm13416,1
Dnmt3a,1
2900041M22Rik,1
Gm5796,1
Gm13368,1
Cd276,1
Neurl1a,1
Gm11110,1
Papss2,1
Camk2d,1
Gng2,1
Ssbp3,1
Gm26562,1
Krt17,1
Capn2,1
Cd24a,1
Gm17366,1
Sorbs3,1
Fam184a,1
Slc16a3,1
Pcgf5,1
Sfrp2,1
Timp3,1
Tceal1,1
Gm9918,1
Pard6b,1
Pla2r1,1
Bmp8a,1
Dapp1,1
Gm12540,1
Spn,1
Amotl2,1
Enox1,1
Nbea,1
Hist3h2a,1
Jade2,1
Mkrn1-ps1,1
Arhgef4,1
Dysf,1
Nr6a1,1
Hif3a,1
Cacng6,1
Cgnl1,1
Sfmbt2,1
Card10,1
Sprr2a2,1
Mnd1-ps,1
Irf6,1
Map7d1,1
Cttnbp2nl,1
Hbegf,1
Esx1,1
Cul9,1
Mapk11,1
Gm8399,1
Gm12003,1
Ifngr1,1
Gng11,1
Zdbf2,1
Snord107,1
2010300F17Rik,1
Celf6,1
Eno3,1
Ldha-ps2,1
Gm38393,1
Gm13365,1
Gm12653,1
Aldoart2,1
Arhgef10,1
Ndufa4l2,1
Jun,1
5730559C18Rik,1
Prdx6,1
6330562C20Rik,1
Vill,1
Gm8659,1
Adamts6,1
Pclaf,1
Nt5dc2,1
Gm5388,1
Dsp,1
Tmem37,1
Cln6,1
Aif1,1
Mmp25,1
1810063I02Rik,1
Zfp185,1
Serinc2,1
Prelid3a,1
F830208F22Rik,1
Hnf1aos1,1
Ccdc158,1
Hebp2,1
Smarca1,1
Spred1,1
Tceal9,1
Nox4,1
Emp3,1
Gchfr,1
Gm14538,1
Chrna7,1
Pabpc4l,1
App,1
Epcam,1
Gm8330,1
Kif26a,1
Gngt2,1
Adk,1
Arhgef28,1
Bmp4,1
Eid2b,1
Gm12164,1
Plpp2,1
Vnn1,1
Gm13339,1
Gm5093,1
Rnf103,1
Otub2,1
Gm6977,1
Cyyr1,1
Gm6065,1
Tmx4,1
Fabp5l2,1
Ppp3cc,1
Sowahb,1
Flna,1
Tmem29,1
Mapkapk2,1
Gm6043,1
Gm15974,1
Rpl5-ps2,1
Gulp1,1
Rhd,1
Zfp36,1
Gm15766,1
Ube2e2,1
DQ267102,1
Ppp1r13l,1
Gm25032,1
Tnfsf9,1
Lrrc47,1
Gm6498,1
Gm3411,1
Gm15467,1
Slc16a13,1
Anxa5,1
Gm26737,1
Zfp365,1
Stk26,1
Slc25a5-ps,1
Kcnn4,1
Abracl,1
Rhobtb3,1
Ftl1-ps2,1
Gm7278,1
A2ml1,1
Lpar6,1
Kndc1,1
Gm12192,1
Gm5787,1
Gm5278,1
Arrdc4,1
Aire,1
Gm13685,1
Inpp5f,1
Fam109b,1
Crabp2,1
Gm16459,1
Mapk12,1
Ppfibp1,1
Gm22566,1
Klf6,1
Mpdz,1
Flywch2,1
Gm15779,1
E330009J07Rik,1
Gm9009,1
Skil,1
Marcks,1
Ltbp1,1
Fign,1
Ap1m2,1
Timm21,1
Mfsd4a,1
Fam162b,1
S100a10,1
Gm3810,1
Arhgap4,1
Syt11,1
Mapk4,1
Gm26641,1
Limd2,1
Prps2,1
Gata3,1
2010204K13Rik,1
Cpd,1
Gm11953,1
Narf,1
Eid1,1
Tmcc3,1
Gm12096,1
Map3k15,1
Tor3a,1
Rpl27-ps2,1
1600029O15Rik,1
Pomt2,1
Gm10313,1
Gm12988,1
Gm6263,1
Gm23375,1
Spata45,1
Wnt9a,1
9930012K11Rik,1
4921504A21Rik,1
Arnt2,1
Gm16379,1
Slc16a11,1
Gm6981,1
Gm5523,1
Gm22738,1
Aph1b,1
Hspe1-ps3,1
Sh3pxd2a,1
Gm9061,1
Asphd1,1
Ankrd50,1
Traf4,1
Myo5a,1
Gm25381,1
Gm7507,1
Yaf2,1
Glipr2,1
Gpc3,1
Nlrc3,1
Lmna,1
Ecm1,1
Coro1a,1
Rassf3,1
Gpsm1,1
Rps6ka6,1
Slc25a40,1
Gm14928,1
Trim44,1
Gm7289,1
C730034F03Rik,1
Gm8565,1
Rnd1,1
Rtn1,1
Egln1,1
BC106179,1
Utf1,1
Rlim,1
Pfkl,1
AI661453,1
Gm13198,1
Nudt7,1
Sct,1
Rims4,1
Eno1,1
Gm5883,1
Gm15707,1
Unc5b,1
Gm5558,1
Rab31,1
Gm5069,1
Tpm4,1
Pam,1
Ripply3,1
Arhgap33,1
Gm2445,1
Vwa1,1
Gstt2,1
Adam9,1
Cpne8,1
Pim2,1
Gls,1
Gm6316,1
Egfr,1
Nkrf,1
Hspg2,1
Rras2,1
Slco4a1,1
Tnfrsf12a,1
Gm13199,1
Gm47854,1
Gm16265,1
Gli3,1
Prss41,1
Itga3,1
Gm8318,1
Nav2,1
Mnd1,1
Cmtm8,1
Enho,1
Arap3,1
Gm15720,1
Gm43213,1
Fam220a,1
Gm8522,1
mt-Tq,1
Gm11485,1
2900026A02Rik,1
Lrrc1,1
Gm15773,1
Fzd2,1
Aldoart1,1
Bcl2l11,1
Gm5529,1
Bmt2,1
Sned1,1
Gm5160,1
Pxt1,1
Sema6a,1
Gm12722,1
Tmem198b,1
Tcp1-ps1,1
Lmod1,1
Pfkfb3,1
Gm4217,1
Pdzd2,1
Tmem63b,1
Gfpt2,1
Nup62cl,1
Gm13379,1
Pgk1-rs7,1
Dusp3,1
Odc1,1
Loxl2,1
Gm2383,1
Emb,1
Nrep,1
Lgals3,1
Pdlim3,1
Sytl1,1
Gm12020,1
Gm26004,1
Gm4691,1
Gm2974,1
Crat,1
Fgfbp1,1
Dnajb4,1
Gm15590,1
Micu2,1
Bhlhe40,1
Crmp1,1
Gm9522,1
Gm12186,1
Stag2,1
Serf1,1
Gm15191,1
Dstn,1
Gm13313,1
Gm12504,1
Gm3558,1
Actg2,1
Gm7665,1
Trib1,1
Gm6884,1
Gm2986,1
Gm27023,1
Sh3bgr,1
Cdk17,1
Gm13602,1
Gm14016,1
Zfp251,1
Gm10327,1
Samd15,1
Prickle1,1
Gm14056,1
Spaca6,1
Gm2897,1
Gm13904,1
Tmod2,1
Ahi1,1
Gm17138,1
Jag2,1
Igf1r,1
Klhl13,1
Atp8b3,1
Gstk1,1
Hunk,1
Rarg,1
Snn,1
Rplp0-ps1,1
Gm6322,1
Lmln,1
Ptprf,1
Esrp2,1
2310022B05Rik,1
Tdg-ps,1
Gm4335,1
Myh10,1
Gm15599,1
Gm11185,1
Camk2a,1
Gm14107,1
Gm16030,1
Arl5c,1
Gm7985,1
Edem1,1
Mdk-ps1,1
Srxn1,1
Smad5,1
Bbc3,1
Gm6368,1
Flnb,1
Gm11646,1
Zfp423,1
Gm11400,1
Mmp14,1
Ldha,1
Gm6944,1
Mid1ip1,1
Ripk4,1
Gm8752,1
Nmbr,1
Gm2546,1
Gm15965,1
Gm9938,1
Gm13341,1
Gm13668,1
Mir22hg,1
Pnp2,1
Gm13986,1
Gm5778,1
Gm13500,1
Gm11349,1
Gm5582,1
Gm13315,1
Csrnp3,1
Pdpn,1
Gm13719,1
Mgst1,1
Cyfip2,1
Bves,1
Itgb1,1
Prrg3,1
Gm8199,1
Gm13549,1
Adgrl2,1
Iffo2,1
Selenon,1
Dtd1,1
Gm8814,1
Gm17214,1
Gm12009,1
Mex3c,1
Crb3,1
Fam83g,1
Ipo13,1
Limd1,1
Hnrnpa1l2-ps2,1
Myh9,1
Eno1b,1
Gm4518,1
Pex2,1
Slc16a10,1
Pard6g,1
Mir28a,1
Dag1,1
Lix1,1
Cyth3,1
Jpx,1
Nudt5,1
Slc2a3,1
Ttc21b,1
Gm14491,1
Hist4h4,1
Gm12468,1
Dnah11,1
Gm7589,1
Usp35,1
Gm13007,1
Gm14130,1
Gm11625,1
Actn4,1
Gm11836,1
Fem1b,1
Pdp1,1
Tmco6,1
Gm16288,1
Zdhhc2,1
Psmb6-ps,1
Gm3839,1
Ppp2r5e,1
Gm4654,1
Osbpl3,1
Pgam1-ps1,1
Espn,1
Arhgef16,1
9330104G04Rik,1
Gm5430,1
D830030K20Rik,1
Gm21781,1
Tagln2,1
Gm5406,1
Bspry,1
Gm13464,1
Bcar1,1
Ap3m1-ps,1
Tspan12,1
Mum1l1,1
Gm12816,1
Gm13675,1
Gopc,1
Pgk1,1
Gm12057,1
Gm14008,1
Tubb4a,1
Gm14046,1
Gm8606,1
Tap1,1
Gm12245,1
Gm9164,1
Gm15495,1
Ptpn3,1
Cep170b,1
Gm12728,1
Snta1,1
Rgs16,1
Tgm1,1
Gm3739,1
Sirt5,1
Slc4a3,1
Mertk,1
Serpini1,1
Zfp664,1
Gapdh-ps14,1
Gm7481,1
Hook1,1
Wnt3,1
Gm14101,1
Gm11560,1
Gm7125,1
Ptpdc1,1
Gm12583,1
Gm14274,1
Eras,1
Gm3534,1
Iqcg,1
Ctbs,1
Gm14328,1
Gm16494,1
Rnf122,1
Gm13292,1
Zmat4,1
Atf3,1
Fah,1
Pgam1-ps2,1
Gm14513,1
Gfod2,1
Socs4,1
Rab11fip2,1
Slc43a2,1
Gm6444,1
Zfp266,1
Igfbp6,1
Gldc,1
Txnip,1
Gm8652,1
Ppm1n,1
Tceal5,1
Gm15497,1
Nenf,1
Gm26384,1
2610037D02Rik,1
Zfp334,1
Greb1,1
Ccdc112,1
Mbd6,1
Eif5al3-ps,1
Gm12715,1
Fam83b,1
Gm5501,1
Ttc32,1
Hlcs,1
Isg15,1
AW146154,1
Gm14131,1
Gm12180,1
Fam208b,1
Tbc1d22bos,1
4930447C04Rik,1
Patj,1
Cdk18,1
Dnd1,1
Jrkl,1
Afdn,1
Nfatc2,1
Endod1,1
Rny3,1
Qser1,1
Slc19a1,1
Gm13422,1
St3gal5,1
Gm12630,1
Tulp2,1
Gm15726,1
Gm2862,1
Mirg,1
mt-Nd3,1
Gm17546,1
Rps19-ps3,1
Bex3,1
Ddit4,1
Gm8894,1
Ccdc28a,1
Cdcp1,1
Gm3788,1
Il3ra,1
Grhl1,1
Gm4342,1
Gm14005,1
Msn,1
Rnf141,1
Fam162a,1
Gm11235,1
Gm14150,1
Setd7,1
Gm11572,1
Gm7909,1
Gm7334,1
Gm16016,1
Gm15294,1
Gm14148,1
Gm13237,1
Rps24-ps2,1
Gm11675,1
Gm16421,1
Rpl21-ps4,1
Ube4b,1
Phf7,1
Bbx,1
Arhgap8,1
Gm6594,1
Gm13657,1
Pnma2,1
Myl12a,1
Gm6625,1
Rilpl1,1
Rims3,1
Plppr2,1
Atl1,1
Eif1ax,1
Parp11,1
Zfp651,1
Gm13502,1
Kif21a,1
Stc2,1
Rps23-ps2,1
Gm11281,1
Pramef8,1
Gm13005,1
Tmed3,1
Gm23374,1
F2rl1,1
Kif5c,1
Gm16465,1
Rps6-ps2,1
Ncoa7,1
Gm6181,1
Asb1,1
Gm19807,1
Kremen2,1
Rps11-ps5,1
Bhlhb9,1
Gm13784,1
Fcor,1
Reep5,1
Gm13437,1
Gm13771,1
Gm15836,1
Gm12611,1
Gm8722,1
Hspa5,1
Hist1h4n,1
Gm3252,1
Gm14138,1
Mif-ps3,1
Usp6nl,1
Gm11224,1
Gm12497,1
Shroom2,1
Gm10284,1
Gm13676,1
Zfhx4,1
Gm13488,1
Csnk1g2,1
Mt3,1
Gm26876,1
Trim54,1
Gm8349,1
Gm12854,1
Pla2g1b,1
Syce3,1
Pcsk1n,1
Gm13772,1
Drc3,1
Gm12416,1
Gm14650,1
Lamp3,1
Platr21,1
Gm14111,1
Gm13176,1
Mkrn1,1
Traf3,1
2810403D21Rik,1
Gm10087,1
Gm17354,1
Gm5822,1
Mfap5,1
Gm17228,1
Gm24276,1
Cep76,1
Ldha-ps,1
Gm3667,1
Gm16589,1
Nek6,1
Mgat4b,1
B830012L14Rik,1
Rnase4,1
Gm6153,1
Mapk3,1
Gm20796,1
Snai3,1
Map3k3,1
Rragb,1
BC048507,1
Gm11307,1
Pik3cd,1
Gm20620,1
Acsl4,1
Gm7091,1
Gm12643,1
Gm5697,1
Cct3-ps1,1
Rab3d,1
Pcdh15,1
Cited1,1
Lrrk2,1
Palm,1
Mapkapk3,1
Gm3373,1
Gm12460,1
Dpp9,1
Lipa,1
Ryk,1
Naa30,1
Rpl34-ps2,1
Rpl10-ps2,1
Gm12848,1
Ldlrad3,1
Gm15484,1
Arf2,1
Rps19-ps7,1
Arxes2,1
Sptb,1
Slc25a43,1
Ssx2ip,1
Gm15796,1
Gm16373,1
Snord64,1
Rhod,1
Gm5045,1
Gtpbp2,1
1110032A03Rik,1
Gm5345,1
Rnf11,1
Gm16210,1
Gm10169,1
G6pd2,1
Cks1brt,1
E130309D02Rik,1
Gm5620,1
Irak1bp1,1
Gm15659,1
Gm12834,1
Fgd5,1
Ndrg2,1
Gskip,1
Gm6382,1
Ddx4,1
Gm15550,1
Fstl1,1
Spock2,1
Gm13532,1
Aldh9a1,1
Abat,1
Adcy7,1
Gm15516,1
Gmfb,1
Gm13787,1
Fam171a1,1
Ifngr2,1
Gm5402,1
Rpl7l1-ps1,1
Farp1,1
Gm12857,1
Gm5976,1
Trf,1
Map3k20,1
Gm9577,1
Gm14830,1
Pbx2,1
Gm8019,1
Bmpr1a,1
Gm9143,1
Gm11877,1
Gm24859,1
Ccdc102a,1
Klhl23,1
Gm7204,1
Ankrd28,1
Gm13937,1
Fam174a,1
Frmd5,1
Fbxo16,1
Gm22751,1
Vwa5a,1
Gm16060,1
Sdc1,1
Strn3,1
Gm14639,1
Bex4,1
Egr1,1
G2e3,1
Gm14450,1
Klhl5,1
Gm4462,1
Gm10357,1
Gm12090,1
Ankrd49,1
Gm9575,1
Tro,1
Gm5643,1
Gm13679,1
Ctnnd1,1
Gm16216,1
Gm4349,1
Gm5867,1
Fbxl17,1
Laptm4b,1
Gm11263,1
Csl,1
Tusc2,1
Gm13252,1
2410080I02Rik,1
Ubr7,1
Rcan2,1
Gm26461,1
4930417O22Rik,1
Zfp36l1,1
Gm26457,1
Gm14480,1
Gm13050,1
Naprt,1
Gm12778,1
Hsp90b1,1
Stmn2,1
Gm8055,1
Gm13477,1
Enc1,1
Fbxo36,1
Mapk13,1
Arhgdib,1
Vps26b,1
6330549D23Rik,1
Gm6485,1
Spire1,1
Gm10566,1
Gm10923,1
Gm9430,1
Dyx1c1,1
Med14,1
Gnat2,1
Plxnb1,1
Zfhx3,1
Hspa9-ps1,1
Milr1,1
9230114K14Rik,1
Gm4784,1
Gm12537,1
Tmem98,1
Gm12565,1
Gm17494,1
Gm20594,1
Gm14251,1
Gm15573,1
Dedd,1
Gm16412,1
Eif3s6-ps1,1
Tmem30b,1
Platr4,1
Cited2,1
Rab25,1
Psmb10,1
Gm13743,1
Bcl9,1
1700084J12Rik,1
Rras,1
Socs3,1
Stk40,1
Rpsa-ps3,1
Tdpx-ps1,1
Gm4596,1
Xbp1,1
Mfhas1,1
Tulp4,1
Gm4575,1
Tjp1,1
Rab3gap2,1
Pctp,1
Gm12420,1
Gm11843,1
Gm11605,1
Pik3ip1,1
Gm26623,1
Gm8623,1
Kis2,1
Rccd1,1
Zfp934,1
Piezo2,1
Aldh7a1,1
Gm12094,1
Hist1h3a,1
Gm5559,1
Vsig10,1
Tpi1,1
Gm14706,1
Gpsm3,1
Mymx,1
Ube2v1,1
Gm15616,1
Rpl27-ps1,1
Amotl1,1
Usp31,1
Pdzd4,1
Clca4b,1
Pcbp3,1
Gm9755,1
Gm15483,1
Gm13935,1
Rps11-ps3,1
Gm6061,1
Gapdh-ps15,1
Epb41l2,1
1500011B03Rik,1
Wwp1,1
Parp12,1
Ociad2,1
Gm5560,1
Gm5507,1
Gm8844,1
Gm13337,1
2610002M06Rik,1
Gm8185,1
Sycp2,1
Gm12955,1
Cebpb,1
Gm12328,1
Gm5321,1
Trp53i13,1
Meioc,1
Ydjc,1
Snx24,1
Hist1h2bc,1
Gm5135,1
Mlf1,1
Gm12286,1
Serpine2,1
Rian,1
Gm13776,1
B130006D01Rik,1
Gm19705,1
Gm9790,1
Abhd17b,1
Actn1,1
Trh,1
3110045C21Rik,1
Sh3glb1,1
Map4k5,1
Gm11826,1
Gm7541,1
Snhg18,1
Gm15425,1
Gm17060,1
Sat2,1
Odf2l,1
Gm14121,1
Numbl,1
Ptpru,1
Gm12034,1
Twsg1,1
Tjp3,1
Dcaf12l1,1
Trim2,1
A330094K24Rik,1
Runx1t1,1
Msi2,1
Nr2f6,1
Gm8927,1
Pfkfb1,1
Rbm12,1
Hspd1-ps3,1
Gm6548,1
Sec24c,1
Rps6-ps3,1
Gm23347,1
Dtna,1
Gm5944,1
Pde3b,1
Rab13,1
Gm5257,1
Ptpn12,1
Gm4760,1
Plod2,1
Tmem47,1
Peak1,1
Gm12267,1
Tpt1-ps5,1
Gm9027,1
Tapbp,1
Gm11516,1
Rcn2,1
Zc3hav1l,1
Gm6425,1
Gm12912,1
Mns1,1
Ube3b,1
Gm13566,1
4930519F09Rik,1
Mtmr6,1
Gm5380,1
Ubqln1,1
Fos,1
Gm11557,1
Fmnl3,1
Tdgf1-ps1,1
Abcb10,1
Gng5-ps,1
Ppp2r5b,1
Gm17786,1
Ece1,1
Pcyox1,1
Rab33b,1
Gm15148,1
Snrpf,1
Abcg2,1
Gm18889,1
Fosb,1
Plec,1
Map1b,1
Cldn9,1
Pigc,1
Rpl35-ps1,1
Gm8428,1
BC021767,1
Lamc2,1
Gramd4,1
Gm12469,1
Fam227a,1
Gm17199,1
Rpl13a-ps1,1
Twf2,1
Gm2531,1
Mtch1,1
Spcs2-ps,1
Hist1h1c,1
Gm11512,1
Gm12182,1
Aplp1,1
Pkig,1
Slc29a1,1
Gm12372,1
Acot2,1
Gm12458,1
C1galt1c1,1
Tcfl5,1
Gm5292,1
Gxylt1,1
Gm13443,1
Rps18-ps1,1
Ppp1r9a,1
1700047I17Rik1,1
Gm15575,1
Gm26680,1
Slc39a10,1
Dpysl2,1
Gm9855,1
Gm11895,1
Ptprs,1
Cotl1,1
Rpl26-ps4,1
Gm14058,1
Gm2735,1
Lefty1,1
Zbtb41,1
Gm8644,1
Gm11930,1
Gm13310,1
Abhd11os,1
Gm7862,1
Gm14630,1
1110002L01Rik,1
Ppp1r1a,1
Kctd10,1
Gm15877,1
Casc4,1
Gm13430,1
Tnfaip8,1
Gm3512,1
Gm12657,1
Zfp946,1
Zfp948,1
Gm13196,1
Gm16409,1
Gm5210,1
Cul4b,1
Gng2-ps1,1
Gm12833,1
Gm11865,1
Podxl,1
Ptk2b,1
Hist1h2bg,1
Pgm2,1
Cyb5a,1
Gm7129,1
Ipo5,1
Gm12950,1
Gm5809,1
Mycn,1
C030005K06Rik,1
Gm12598,1
Gm6317,1
Gm13076,1
Kras,1
Ccne1,1
Stk10,1
Rnf145,1
Slc30a9,1
Gm9081,1
Cldn4,1
Brwd3,1
H2-T23,1
Gm11824,1
Gm12571,1
Zfp52,1
Smt3h1-ps,1
Gm26782,1
Matr3-ps2,1
Rpl3-ps2,1
Gm13461,1
Gm3222,1
Cebpd,1
Rasa2,1
Gm13359,1
Chac1,1
Gm12642,1
Pde5a,1
Gm6292,1
Hmgb1-ps1,1
Stab1,1
Gm12732,1
Ccdc50-ps,1
Tceal8,1
Gm9022,1
Gm6142,1
Bhlhe41,1
Phf6,1
Gm12222,1
Gm12341,1
Gm26815,1
Kif21b,1
Mllt11,1
Gm20656,1
Gm3076,1
Golph3,1
Slc22a23,1
Gm9791,1
Fkrp,1
Slc18a2,1
Crybg3,1
Prdx2-rs3,1
Slc38a2,1
Gm4895,1
Cdh3,1
Gm14140,1
Gm15422,1
Ano10,1
Desi2,1
Per3,1
Gm14026,1
Limk2,1
Gm8756,1
Tor2a,1
Gm4613,1
Gm10037,1
Tmem237,1
Gm6341,1
Smpdl3b,1
Itgam,1
Gm7931,1
Gm10293,1
Plat,1
Rps19-ps12,1
Igfbp2,1
Gm13092,1
Gm8396,1
Dcp1a,1
Gm6767,1
Pom121,1
Gm12346,1
Gm2076,1
Snap47,1
Fam199x,1
Gm10080,1
Ube2j1,1
Gpx3,1
Itga6,1
Gm8325,1
Uri1,1
Rida,1
Rap1gds1,1
1700022N22Rik,1
Gm9824,1
Cd74,1
Gm15682,1
Gm12344,1
Gm6177,1
Gm20091,1
Camta1,1
Rps19-ps8,1
Mex3d,1
Khdrbs1,1
Gm2214,1
Adgrv1,1
Calcr,1
Gm6023,1
Tdgf1,1
Gng10,1
Gm11759,1
Gm11407,1
Stradb,1
Elovl1,1
Gm10045,1
Impact,1
Gm7535,1
Atp5l2-ps,1
Gm11627,1
Gm15538,1
Pik3c2a,1
Gm6335,1
Slc5a3,1
Kif13a,1
Gm14970,1
Gm13690,1
Exosc3,1
Gm14165,1
Bcam,1
Gm3248,1
Gm11313,1
Rpl17-ps4,1
Gm15593,1
Ccm2,1
Folr1,1
Nedd4,1
Nr2c1,1
Gm15602,1
Gpc1,1
Gm12242,1
Arid2,1
Gm24336,1
Zfp462,1
Ywhaz,1
Gm23209,1
Larp1,1
Tnk1,1
Gm16436,1
Utrn,1
Cand2,1
Mpp3,1
Blnk,1
Gm14200,1
Gm14516,1
Gm9836,1
Pyurf,1
Polr3k,1
Acsl5,1
Gm5124,1
Glt1d1,1
Ddx58,1
Zfp799,1
Gm11652,1
Hmgxb4,1
Ccng2,1
2810408I11Rik,1
Gm10154,1
Rps12-ps1,1
Myadm,1
Cep126,1
Mbnl2,1
Olig1,1
Hint3,1
Gm15138,1
Acadl,1
Gm12475,1
Glud1,1
Insig2,1
Gm15310,1
Pcsk9,1
Pgam1,1
Fundc2,1
Crip2,1
Mospd3,1
Gm15560,1
Gm6175,1
H1f0,1
Cd151,1
Klhdc2,1
Gm6640,1
Sfxn1,1
Lpcat4,1
Gria3,1
Gm4879,1
Gm13815,1
Gm13498,1
Gm7206,1
Cpeb2,1
Hmgb1-ps8,1
Bmp2k,1
Gm11838,1
mt-Ts1,1
Gm11708,1
E2f6,1
Gm13216,1
Plekha1,1
Trp53inp2,1
Gm8618,1
D630045J12Rik,1
Lamtor3,1
Gatsl2,1
Gm17907,1
Gm5384,1
Gm19815,1
Gm14017,1
Gm12421,1
Gm9797,1
Pcgf3,1
Gm5228,1
Pomgnt2,1
Gm6180,1
Gm13015,1
Tma7-ps,1
Gm13731,1
Gm8696,1
Ppp2r3a,1
Gm9234,1
Carhsp1,1
4933428G20Rik,1
Krt10,1
Spon1,1
Gm10179,1
Tmem63a,1
Pbx1,1
Clptm1l,1
Lcmt2,1
Meg3,1
Gm6206,1
Rps13-ps5,1
Anp32e,1
Ninj1,1
Gm16061,1
Gm20900,1
Hif1a,1
Gm7857,1
Rap2c,1
Gm7571,1
Tatdn2,1
Rps6-ps1,1
9530082P21Rik,1
Zfp740,1
Rplp1-ps1,1
Gm14925,1
Gm11401,1
Jmjd1c,1
Llph-ps2,1
4933404O12Rik,1
Gm7856,1
Cnnm4,1
Snhg9,1
Tpt1-ps6,1
Gm7363,1
Gm6960,1
Nme1,1
Gm5879,1
Rtn2,1
Dact3,1
Zdhhc6,1
Lasp1,1
Gm12919,1
Nabp2,1
Gm5391,1
Kif1c,1
Gm8545,1
Smim15,1
Ahcyl1,1
Gm20430,1
Gm8839,1
Gm15770,1
Gm13340,1
Crlf1,1
Gm2467,1
Gm8317,1
Serp1,1
Eaf1,1
B3gnt7,1
Sycp3,1
Rubcn,1
E2f8,1
Slain1,1
Rbpj,1
Gm12479,1
Plcd1,1
Gm7244,1
Pla2g6,1
Gm4918,1
Gm13215,1
Inpp5a,1
Wnk3,1
Rps12-ps5,1
Dnajb2,1
Trp53bp2,1
Ccdc122,1
Tmie,1
Maoa,1
Arsa,1
Gm15730,1
Mettl9,1
Efs,1
Lrif1,1
Gm15728,1
Litaf,1
Gm12355,1
Pik3cb,1
Gm12734,1
Gm8420,1
Mn1,1
Ehbp1l1,1
Bnip3l,1
Rps19-ps4,1
Gm12501,1
Ptp4a1,1
A230083N12Rik,1
Tmem57,1
Gm3355,1
Wsb2-ps,1
Gm12244,1
Phf10,1
Gm2606,1
Id3,1
Taok3,1
Abi2,1
Bnip3l-ps,1
Thbs3,1
Gm10291,1
Gm16372,1
Gpd2,1
Kbtbd3,1
Rpl10a-ps2,1
Uso1,1
Gm4540,1
Gm13597,1
Fam49a,1
Gm3591,1
Mycbp2,1
Tia1,1
Hdgf,1
Sri,1
Gm15247,1
Gm5472,1
Ammecr1,1
Kpna3,1
Zfp354c,1
Gm6083,1
Ftx,1
Gm6428,1
Gm11954,1
Plxna1,1
Gm13094,1
Lrp8,1
Gm10012,1
Pphln1,1
Atl2,1
Arhgef25,1
Slc38a1,1
Rad9b,1
Cdc34b,1
Hspb11,1
Gm15204,1
Csnk2a2,1
Gm8806,1
Gm11222,1
Gm8260,1
Ajuba,1
Csrnp1,1
Gm8186,1
Crygn,1
Pdzd8,1
Hnrnpa1l2-ps,1
Gm3671,1
Ubtd2,1
Cdc42se1,1
Gm14530,1
Tinagl1,1
Nomo1,1
Phc1,1
Gclm,1
Lmbr1l,1
S100a11,1
Dcun1d5,1
Gm10112,1
Suds3,1
Fam60a,1
Etfbkmt,1
Fbxw8,1
Gm16222,1
Rps19-ps10,1
Gm3150,1
4931440P22Rik,1
Prss36,1
Bcat2,1
Gm12891,1
Gm26526,1
Gm17450,1
Ola1,1
Nfkb2,1
Maged2,1
Gatad1,1
Rhob,1
Gm12380,1
Als2cl,1
Foxn3,1
Gm5451,1
Rap2b,1
Gstt1,1
Map1lc3a,1
Gm12161,1
Gm16165,1
Gm3809,1
Mcrip1,1
Igf2bp1,1
Gm25224,1
Atp5l-ps2,1
Gm12618,1
Ccdc9,1
Strbp,1
Galk1,1
Gm15946,1
Bcl2l1,1
Gm6946,1
Mcl1,1
Rpl31-ps15,1
Wdr1,1
Ikbip,1
Braf,1
Ptrhd1,1
Rpl19-ps12,1
Lyrm7,1
Rcn3,1
Smim27,1
Dusp1,1
Gm8805,1
Gm8864,1
Gm26445,1
Tle4,1
Gm6374,1
Lpin3,1
Gm5943,1
Gm4986,1
Col4a3bp,1
Gm3617,1
Rasl2-9,1
Cdr2,1
Thap2,1
Kifc2,1
Gm12099,1
Plekhg2,1
Dpy19l4,1
Gm5145,1
Gm9873,1
Ccdc50,1
Gm7820,1
Gm5801,1
Marcksl1,1
Psip1,1
Gm13321,1
Ero1l,1
Cbx5,1
B230208H11Rik,1
Phc2,1
Tex15,1
Rab2a,1
1700023F06Rik,1
Gm15564,1
Gm14336,1
Tdg,1
Gm18343,1
Irgm1,1
Gm11966,1
Nudt18,1
Zfp326,1
Gm5161,1
Rin1,1
Rps19-ps5,1
Ank2,1
Gm8648,1
Mmp2,1
Gm11951,1
Gm12184,1
Itpr1,1
Gm8876,1
Gm12726,1
Ubxn7,1
Ybx3,1
Ccdc186,1
2810002D19Rik,1
Gm8880,1
Tmc4,1
Gm11198,1
Gm11367,1
Gm5459,1
Eef1akmt1,1
Calm1,1
Ttll4,1
Gm17014,1
Nt5dc1,1
Gm13915,1
Gm12807,1
Cr2,1
Iqcd,1
Pbrm1,1
Slc25a46,1
Dis3l,1
Gm16570,1
Atad1,1
Bnip1,1
Pkm,1
Gm16096,1
Gm5526,1
Gm12445,1
Hopx,1
Gm5445,1
Il11ra1,1
Notch3,1
Gm12312,1
Gm8731,1
Gm20682,1
Gm5909,1
Ube2k,1
Vcl,1
Pgrmc1,1
Gm13607,1
Camsap2,1
Mmp23,1
Zfp646,1
Gm10259,1
Gm6088,1
Grb7,1
Lrrc58,1
Nefl,1
Gm7108,1
Hcfc1r1,1
Fem1c,1
Gm13921,1
Anp32b-ps1,1
Gm15566,1
Atp1a3,1
Ptpn21,1
Zfp281,1
Gm15464,1
Gm7729,1
Hccs,1
Slc35d1,1
Gm14897,1
Gm9658,1
Gm6447,1
Gm11663,1
Bend4,1
Lrrc27,1
Txnl4a,1
Magohb,1
Cebpg,1
Gm13342,1
Carmil1,1
Llph-ps1,1
Cox7b,1
Gm6807,1
Mipep,1
Gm5931,1
Gm16581,1
Gm15361,1
Gm14398,1
Gm6758,1
Ggct,1
G3bp2,1
Gm2223,1
Aifm3,1
Gm9830,1
Hist1h2bp,1
Gm14052,1
Gm10282,1
Rasgrp2,1
Gm5844,1
Gm15702,1
Gm26980,1
Gm10653,1
Cdca7l,1
Tex21,1
Gm12464,1
Gmfg-ps,1
Tmc8,1
Fam13c,1
Kremen1,1
Gm12017,1
Bicdl1,1
Rpl21-ps14,1
Rock2,1
Pcbp4,1
Gm8624,1
Ankrd34a,1
Platr12,1
Gm13653,1
Gm12247,1
Tmem5,1
Rnf187,1
Zdhhc21,1
Tubb4b-ps1,1
Cds1,1
H3f3b,1
Gm6576,1
Bend3,1
Gm6254,1
Timm10b,1
Gm12021,1
D130020L05Rik,1
Gm6378,1
Gm11810,1
Nphs1,1
Gm5900,1
Creb1,1
Il2,1
Nup205,1
Foxo1,1
Calr-ps,1
Crebzf,1
Sf3b6,1
Hist1h2bl,1
Gm9457,1
Gm11598,1
Rab1,1
Scarna9,1
Gm14794,1
Mageb16-ps1,1
Smim3,1
Nab1,1
Gm12005,1
Actg1,1
Gm4943,1
Gm8526,1
Gm5898,1
Dpysl5,1
Tnfaip1,1
Zic5,1
Gm9174,1
Gm7545,1
Gyg,1
Cdkl2,1
Setd1b,1
Errfi1,1
Pvt1,1
Gm14094,1
Tmem219,1
Gm12038,1
Ankrd13d,1
Usp53,1
Gclc,1
Gstt3,1
Nlk-ps1,1
Rpl19-ps4,1
Supt6,1
Plcg1,1
Gm9800,1
Rai14,1
Arl4a,1
Chac2,1
Gm9169,1
Vezf1,1
Pfdn4,1
Gm7493,1
Gm9436,1
Reep2,1
Uchl1,1
Golim4,1
Gm19031,1
Gm11687,1
Stx7,1
Rpp14,1
Gm12261,1
Sdccag3,1
Mef2a,1
Cldn12,1
Sc5d,1
Mapk1ip1l,1
Gm14323,1
Sms,1
Gm9252,1
Gm24272,1
Gm5764,1
Rpl7a-ps5,1
Sec16a,1
Dcaf10,1
Tmem127,1
Gm14277,1
Plxdc2,1
Rhot2,1
Gm13886,1
Proser3,1
Lgals9,1
Sap18,1
Pdia6,1
Gm11971,1
Tmem206,1
Gm13862,1
Gm8177,1
Bms1,1
Nfx1,1
Ywhaq-ps2,1
Dmrt1,1
Stard10,1
D630044L22Rik,1
Zfp322a,1
Ppa1,1
Gm4875,1
Gm4963,1
Smchd1,1
Gm15032,1
Mkl1,1
Hes6,1
Uqcrh-ps2,1
Gm6798,1
Gm24588,1
Mplkip,1
Pak1,1
Gm6133,1
Gm14679,1
Znrd1as,1
St6galnac4,1
Tomm70a,1
Actb,1
Rpl12-ps1,1
Nme2,1
Gm9845,1
Cbx1,1
Gm12070,1
Cenpk,1
Zfp518b,1
Gsk3a,1
Gm19898,1
Adgra3,1
Arrdc3,1
Gm15209,1
Gm26217,1
Gm6030,1
Fzd3,1
Gm10086,1
Gm10240,1
Ankrd13a,1
Gpr1,1
Gm3752,1
Pde12,1
Mib1,1
Appbp2,1
Myo1c,1
Spopl,1
Gm7336,1
Gm4705,1
Gm14248,1
Gm8816,1
9130230L23Rik,1
Tnks2,1
Eif4ebp2,1
Gm11912,1
Mak,1
Chsy1,1
Gm6793,1
Kif24,1
Stx6,1
Gm22426,1
Cog7,1
Gm37832,1
Rpl31-ps11,1
Gm2308,1
Gm13864,1
Fndc5,1
Gm17709,1
Lpgat1,1
Gm17031,1
Gm11868,1
Elovl4,1
Gm5687,1
Gm11889,1
Cdc42,1
Gm18709,1
Ccdc181,1
Ctnnal1,1
Gm11965,1
Purb,1
Rcbtb2,1
Gm7666,1
Hmga1b,1
Txnrd1,1
Ube2g1,1
Gm13573,1
Mgst3,1
Gm9104,1
Sncb,1
Mycbp,1
Gm17052,1
Prpf8,1
Ppia,1
Gm12693,1
Snord98,1
Gm13487,1
1810013L24Rik,1
Zic3,1
Gm6982,1
Tspan3,1
Rpl31-ps9,1
Gm11952,1
Myo18a,1
Gm14753,1
Ddx59,1
Gspt1,1
Gm5177,1
Stard13,1
Rpl31-ps1,1
Ebag9,1
Rpl35a-ps4,1
Zfp941,1
Gm16523,1
Parpbp,1
Pla2g10,1
Gm15122,1
Ltbp4,1
Klhl7,1
Gm7887,1
Gm13080,1
Ptpa,1
Manf,1
Map2,1
Aldoa,1
Peli1,1
Hnrnpab,1
Carm1,1
Gm6134,1
Gm4832,1
Tspan2,1
Mif,1
Gm12482,1
Ptges3-ps,1
Gm15681,1
BC052040,1
Cmc4,1
Zfa-ps,1
Haspin,1
Mogs,1
Prom1,1
Gm4929,1
Cpne1,1
Gm14373,1
Idi1,1
Gm6564,1
Syde2,1
Gab1,1
Gm12922,1
Ube3a,1
Smim13,1
Gm5510,1
Ttc7b,1
Gm13132,1
Arfip1,1
Rpl5-ps1,1
Guf1,1
Romo1,1
Rpl35a-ps5,1
Gm17799,1
Ogfrl1,1
Cd200r4,1
Arpc5,1
Cdc123,1
Gm13363,1
Fez2,1
Nfyb,1
Gm8724,1
Rpsa-ps4,1
Mcts1,1
Gm7180,1
Rpl15-ps1,1
Wdr26,1
Uqcrh-ps1,1
Ankra2,1
Nampt,1
Rpsa-ps11,1
Gm11517,1
Gm6222,1
E130201H02Rik,1
Gm7734,1
Elmsan1,1
Adipor1,1
Mbd2,1
Krcc1,1
9830144P21Rik,1
Ivns1abp,1
Map3k2,1
Gm11694,1
Ifrd2,1
Gm11453,1
Heca,1
Gm7803,1
Gm8822,1
Gm11460,1
Hmgb1-ps4,1
Stn1,1
Gm10540,1
Gnl2,1
Gm11878,1
Cldn3,1
Srf,1
Gm8281,1
Larp4b,1
Rpl31-ps14,1
Mtrf1,1
Rps11-ps4,1
Pdgfrl,1
Ift43,1
Chp1,1
Pigf,1
Gm11957,1
Taok1,1
Cul7,1
Gm11221,1
Gm11353,1
Hspe1-ps5,1
Itga5,1
Dis3,1
Gm4950,1
AW209491,1
Lama5,1
Piezo1,1
Wdr31,1
Gm15531,1
Uck1,1
Gm13140,1
Manea,1
Gm5967,1
Gm14730,1
Dlg3,1
4931414P19Rik,1
Exoc5,1
Lypd1,1
Gm12844,1
Gm4989,1
Rgs11,1
Taf2,1
L1td1,1
Kdm7a,1
Gm11793,1
Map3k4,1
Tmem106c,1
Gm16580,1
Ppp1r2,1
Lysmd3,1
Gm16335,1
Gm12749,1
Srp19,1
9430015G10Rik,1
Mettl7a1,1
Atp5e,1
Gm4609,1
Btg3,1
Fggy,1
Olig2,1
Fam122a,1
Nsmaf,1
Gm5335,1
Zfp248,1
Dusp19,1
Etnk1,1
Seh1l,1
Sema3c,1
Rnf139,1
Ergic1,1
Rps19-ps13,1
Gm6788,1
Socs5,1
Slc26a10,1
Gm10237,1
Smt3h2-ps,1
Gm15785,1
Gm5250,1
Gm14881,1
Luzp1,1
Ddx3x,1
Sms-ps,1
Gm11472,1
Gm13268,1
Ckap4,1
Gm24086,1
Asphd2,1
Gm7707,1
Ykt6,1
Rpl31-ps17,1
Gm6733,1
Gm9434,1
Rbx1-ps,1
Nek7,1
Gm13433,1
Ccl2,1
Ftl1-ps1,1
Ybx2,1
Gm5393,1
Gm21399,1
Gm11518,1
4930539J05Rik,1
Wfdc13,1
Gm12492,1
Gm5871,1
Synj2bp,1
Dtx3l,1
Gm11362,1
Gm9625,1
Ppp3r1,1
Tmem123,1
Txnrd2,1
Denr,1
Tspo,1
Celf4,1
Casp6,1
Jarid2,1
Gm7117,1
Hdac7,1
Gtf2h5,1
Gm14176,1
Bri3bp,1
Gm16201,1
Ctnna1,1
Hgh1,1
Gm15843,1
Gm8991,1
Gm8213,1
Rpl23a-ps1,1
Gm12138,1
A430046D13Rik,1
Rpl32-ps,1
Nudcd3,1
Mapk6,1
Plk5,1
Gm9034,1
Dnajc27,1
Pxk,1
Gm12444,1
Rpsa-ps12,1
Rps12-ps17,1
Gm12568,1
Pls1,1
Gm7251,1
Rpl31-ps4,1
Sestd1,1
Ddb1,1
Mtpn,1
Wasl,1
Arhgap5,1
Vamp8,1
Gm16550,1
Rpl21-ps12,1
Coch,1
Hdhd2,1
Surf4,1
Kansl2-ps,1
Pin1rt1,1
Metap1,1
Rc3h1,1
Gm12582,1
Enah,1
Gm12129,1
Cdadc1,1
Txn2,1
Esyt2,1
Gm5422,1
Hmgn5,1
Triqk,1
Bbs2,1
Gm12013,1
Slc25a5,1
Tiparp,1
Eif4g3,1
Gm12900,1
Gm12933,1
Rps12-ps24,1
Nop10,1
Lad1,1
Tmem80,1
Gm13744,1
Rny1,1
Dmwd,1
Gm3687,1
Pacsin3,1
Gm16425,1
Cpsf6,1
Gm5456,1
Gm17415,1
Etl4,1
Srsf1,1
Suv39h2,1
Anxa6,1
Rbbp7,1
Svbp,1
Gm6166,1
Hectd1,1
Kcnk1,1
BC029722,1
Gm14859,1
Rpl38-ps1,1
Ssr3,1
Jazf1,1
Mbnl3,1
Gm12389,1
Gm4991,1
Mapk1,1
Pgrmc2,1
Chd9,1
Gm16399,1
Gm29394,1
Hrc,1
Gm14414,1
Skp2,1
Gm4076,1
Mrps36-ps2,1
Rpl31-ps10,1
Frs2,1
B2m,1
Gm16470,1
Gm16200,1
Tmem263,1
Tm6sf1,1
Fgfr3,1
Eif2s3x,1
Bdp1,1
Zc2hc1a,1
Gm3531,1
Ahsa2,1
Hmga1,1
Fsd1,1
Mmadhc,1
Gm6283,1
Gm1848,1
Gm15289,1
Gm8662,1
Nhp2,1
Gm8577,1
Rac1,1
Gm19203,1
Gm13394,1
mt-Tt,1
Gm5421,1
Yrdc,1
Cdv3-ps,1
Prdm4,1
Rps24-ps3,1
Echdc1,1
Arpp19,1
Rpl31-ps21,1
Shisa4,1
Gm5830,1
Pdcl3,1
Gm5863,1
Gm7083,1
Nop9,1
Cdc26,1
Lyar,1
Gm14843,1
Fubp1,1
Trove2,1
Rfc4,1
Ptpra,1
Tmem60,1
Zc3h14,1
Nudt19,1
Sdcbp2,1
Mir692-1,1
Isyna1,1
Gm6285,1
Dse,1
Gm16072,1
Akap5,1
Rhbdf2,1
Epb41l4aos,1
Rpl36a-ps3,1
Sel1l,1
Slc4a7,1
Rrbp1,1
Mea1,1
Nt5c,1
Sec63,1
Btbd1,1
Gm15267,1
E130317F20Rik,1
Rpl36-ps10,1
Gbx1,1
Gm12040,1
Ppid,1
Pak2,1
Gm24339,1
Nup85,1
Gm13961,1
Serinc1,1
Iqgap2,1
Gm12435,1
Rap1b,1
Rps15a-ps3,1
Crkl,1
Alg14,1
Ahdc1,1
Mex3a,1
Gm8692,1
Gm11896,1
Gm15026,1
Rpl31-ps16,1
Rpl29-ps5,1
Gm13192,1
Gm12428,1
Gm11599,1
Gm14013,1
Papss1,1
Hist1h4i,1
Gm5566,1
Kmt5a,1
Atox1,1
Dennd5a,1
Eny2,1
Msantd4,1
Mafk,1
Hmgn1,1
Unk,1
Dnajc5,1
Bloc1s2-ps,1
Tyw1,1
Vamp3,1
Phf21a,1
Gm6276,1
Reep3,1
Kcnt2,1
Spsb1,1
Gm15502,1
Nbeal1,1
Pbdc1,1
Arf4,1
Wdr55,1
Btbd3,1
Rps8-ps1,1
Gm13928,1
Flot2,1
Cbwd1,1
Pigq,1
Fam3c,1
Gm15466,1
Riox2,1
Nckap1,1
Phf20l1,1
Gm12254,1
Ccni,1
Ndufaf4,1
Myl6,1
Gm5614,1
Coro1c,1
Ralgapb,1
Fbxo34,1
Fam98a,1
Gm13311,1
Fam189b,1
Gm13612,1
Marveld2,1
Gm3164,1
Gm9083,1
Bloc1s3,1
Gm8666,1
Cldnd1,1
Mdk,1
Lrrc20,1
Kirrel2,1
S1pr2,1
Klhl9,1
Gm10916,1
Gm12321,1
6430562O15Rik,1
Gm17511,1
0610009B22Rik,1
Papolb,1
Gm5805,1
Gm14665,1
Gm11225,1
Wrnip1,1
Gm13181,1
Gm15528,1
Gm5513,1
Chd7,1
Gm14752,1
Hist1h4h,1
Fth1,1
Gm12906,1
Rpl21-ps7,1
Cfl1,1
Glmn,1
Snrpert,1
Smarcd1,1
Gm11945,1
Ampd2,1
Tm9sf3,1
Acot1,1
Gm26983,1
6720489N17Rik,1
Gm5449,1
Gm14539,1
Gm12459,1
Gm7676,1
Gm5847,1
Tmem242,1
Fkbp1a,1
Fat1,1
Psmb7-ps2,1
Hnrnpul2,1
Actr2,1
Acbd4,1
Srpk2,1
Deaf1b,1
Gm15899,1
Lmnb1,1
Slc35f5,1
Rps11-ps2,1
Cbx3-ps7,1
Gm14231,1
Sv2a,1
Gm3642,1
Zfp652,1
Ftl1,1
Ehmt1,1
Dusp5,1
Gm15198,1
Gm13077,1
Lin7c,1
Arhgap21,1
Psph,1
Gm2710,1
Nus1,1
Kdelc2,1
Usp45,1
Tspan6,1
Gm12791,1
Gm6419,1
Gm16005,1
Ccna2,1
Gm13260,1
Gm7456,1
Pura,1
Laptm4a,1
Khk,1
Gm17377,1
Rnf14,1
Pim3,1
Ccz1,1
Cnih4,1
Gm11760,1
Gm7781,1
1810043G02Rik,1
Rbm48,1
Gm13545,1
Vamp7-ps,1
Ube2d3,1
Ppp1r2-ps1,1
Gm13186,1
3110067C02Rik,1
Psmg2,1
Sdhaf4,1
3110009E18Rik,1
Gm19840,1
Fbxl19,1
Hmgn3,1
Vkorc1,1
Thnsl1,1
E030024N20Rik,1
Srp54b,1
Gm5564,1
Rala,1
Clns1a,1
Spred2,1
Ascc3,1
Fyb,1
Gm10420,1
Gm10029,1
Gm20545,1
Gm6155,1
Isy1,1
Ndufaf7,1
Gm2423,1
Gm10156,1
Rps15a-ps8,1
Gtdc1,1
Gm16008,1
Cisd2,1
Zbed4,1
Slain2,1
Szrd1,1
Thyn1,1
Ltbp2,1
Cfd,1
Dynlt3,1
Ints3,1
Eif3j2,1
Znhit2,1
Zmat3,1
Gm13418,1
Wipi1,1
Tmem205,1
H2-Q7,1
Gm5721,1
Polr3d,1
Zfp647,1
Psma7,1
Arl2,1
Gm11383,1
Chid1,1
Pafah1b1-ps1,1
Rpl10-ps1,1
Exosc7,1
Gm10247,1
Rc3h2,1
Gm16415,1
Gm7984,1
Gm14173,1
Zbed5,1
Gm5263,1
Gm13623,1
Gm4617,1
Stau1,1
Lpcat2,1
Gm7308,1
Gm6987,1
Parn,1
Nudt4,1
Rab3ip,1
Ypel5,1
Colec12,1
Rpl22-ps1,1
mt-Te,1
Gm26887,1
Dppa4,1
Gm14245,1
Coa5,1
Gpx8,1
Stk4,1
Ost4,1
Gng5,1
Usp47,1
Zfp512,1
Arfgef2,1
Snrpg,1
Gm14238,1
Exoc6,1
Syt14,1
AI314180,1
Pgs1,1
Gm8206,1
Derl3,1
Eif3s6-ps2,1
Atxn10,1
Ube2r2,1
Urah,1
Nktr,1
Gm13408,1
Lgr5,1
Psme2b,1
Ndufaf2,1
Gm26600,1
mt-Nd2,1
Gm12194,1
Tdrd5,1
Gm12165,1
2500004C02Rik,1
Hars,1
Gm10320,1
Gm11662,1
Itsn2,1
Bag4,1
Trp53i11,1
Gm14039,1
Gm11989,1
Gm15719,1
Gm5356,1
Gm11533,1
Blvra,1
Ubc,1
Plk3,1
Gm6451,1
Gm14620,1
Gm14473,1
Vbp1,1
Dync1i2,1
Ndfip1,1
Gm14776,1
Tbca,1
Cd9-ps,1
Tln1,1
Selenok,1
Gm5046,1
Cript,1
Pawr,1
Clip1,1
Tom1l1,1
Ppp3cb,1
Mprip,1
Gm11189,1
Hprt,1
Apoo-ps,1
Scap,1
Gm7841,1
Mettl13,1
Gm15365,1
Mrpl11,1
Mtdh,1
Paip2,1
Gm12755,1
Gm13649,1
Gm5963,1
Ada,1
Gm10481,1
Ubqln2,1
Dctpp1,1
Psme3,1
Kazn,1
Gm14132,1
Rps12-ps10,1
Mbtd1,1
Rnf6,1
Dicer1,1
Ubqln4,1
Tbc1d32,1
Rcor2,1
Gm3756,1
Gm7584,1
Gm21963,1
Gm5597,1
Chchd1,1
Fxyd6,1
Gm6500,1
Pus7,1
Zfp518a,1
Mki67,1
Cxcr5,1
Pcmt1,1
Gm9431,1
Fbf1,1
Rpl31-ps13,1
Chd1,1
Gm15309,1
Gm3160,1
Gm5940,1
Gm6542,1
Gm12033,1
Bbs5,1
Tmed7,1
Ttll1,1
Abhd17a,1
Gm5637,1
Avl9,1
Desi1,1
Gm13503,1
Fam149b,1
Tbc1d15,1
Gm6415,1
Hace1,1
Kpna4,1
Aptx,1
Gm10059,1
Simc1,1
Rab18,1
Bnipl,1
Gm13578,1
Telo2,1
Rbpj-ps3,1
Kpna6,1
Plcb4,1
Gm20775,1
Ythdf1,1
Arf3,1
Spint2,1
Rnf44,1
Haus3,1
Lrrfip2,1
Akap2,1
Socs7,1
Gm2574,1
Trabd,1
Scn8a,1
Pdap1,1
Rbmx2-ps,1
Gm4707,1
Gm14227,1
Gm6580,1
Rnf26,1
Gtf2a2,1
Gm8825,1
Hikeshi,1
Gm15454,1
Gm13835,1
Hspa4l,1
Gm13193,1
Sipa1,1
Kdm1a,1
5730405O15Rik,1
Mtfr1l,1
Asph,1
Gm16477,1
Snrpa1,1
Nt5c2,1
Cmip,1
1810030O07Rik,1
Gm13240,1
Rpl35a-ps7,1
Lrrc40,1
Rwdd1,1
Tcf20,1
Mtmr14,1
Gli1,1
Gm5434,1
Osbpl8,1
Gm1866,1
Rps27a-ps2,1
Sptbn1,1
Galm,1
Lgr4,1
Gm8054,1
Usp11,1
Pcgf2,1
Stt3b,1
Hspd1-ps4,1
Ppp2ca,1
Aplp2,1
Slc20a1,1
Malat1,1
Dph3,1
Gm10784,1
Dpy19l1,1
Fermt2,1
Arv1,1
Jup,1
Nasp,1
Gm14172,1
Dcun1d1,1
Gm8730,1
Hspe1,1
Cops4,1
Slc29a2,1
Gm10233,1
Glod4,1
Samd12,1
Gm10052,1
Nufip2,1
Rpl30-ps11,1
Lrrc42,1
M6pr-ps,1
Rock1,1
BC004004,1
Gm9013,1
Mrto4-ps2,1
Slc38a4,1
Gm13669,1
Orc2,1
Gm6736,1
Gm10108,1
Polr2m,1
Gm9246,1
Gm20657,1
Pabpc1,1
Clint1,1
Zfp113,1
Pcnp,1
Fam111a,1
Gm5403,1
Mrpl20,1
Gm1826,1
Dip2b,1
Tgds,1
Prkci,1
Gm14600,1
Atp2a2,1
Cul4a,1
Gm12231,1
Gm12447,1
Gm12969,1
Eif1b,1
Gm12852,1
Derl1,1
Phgdh,1
Cks1b,1
Doc2g,1
Gm5229,1
Gm12716,1
Lrrc39,1
Nectin3,1
Gm6505,1
Hypk,1
Cep68,1
Mapk14,1
Gm4750,1
Snrnp70,1
Gm12438,1
Fam120a,1
Stk24,1
mt-Ta,1
Gm3436,1
Dhcr24,1
Rpl30-ps3,1
Trio,1
Rpl30-ps9,1
Gm11229,1
Aff4,1
Lims1,1
Rwdd4a,1
Asl,1
Mpp5,1
Rpl10-ps3,1
Gm9001,1
BC017643,1
Rps15a-ps2,1
Gm14681,1
Stim1,1
Tcp11l1,1
Tyw5,1
Gm5866,1
Trim59,1
Amz2,1
Gm15033,1
Gm14828,1
Gm13600,1
Rdh11,1
Gm17029,1
Sap18b,1
Sub1,1
Gm14567,1
Gna11,1
Ddx21,1
Fbxw17,1
Ccne2,1
Reps1,1
Zfp746,1
Zfp949,1
Polr3gl,1
Fam126b,1
Sptbn2,1
Tmem170b,1
Dars2,1
Midn,1
Kiz,1
Letm1,1
Plscr3,1
Mms22l,1
Syncrip,1
Gm12700,1
Fdxacb1,1
Gm13717,1
Gm8459,1
Prtn3,1
Gm7599,1
Dek,1
Gm12943,1
Nap1l1,1
Prkra,1
Gm3095,1
Mgat2,1
Dtwd2,1
2410004B18Rik,1
Xpnpep1,1
Rpl36-ps3,1
Gm13082,1
Fmnl2,1
Med24,1
Gm10874,1
Comtd1,1
Gm14253,1
Ebna1bp2,1
Tead1,1
Oaz1-ps,1
Gm8973,1
Zmiz2,1
Zfp605,1
Zfp568,1
Smarce1,1
Dgkd,1
Rab6a,1
Vcpip1,1
Zc3h4,1
Gm9200,1
Lig4,1
Gm17538,1
Ager,1
Gm13410,1
Gm8129,1
Gm13588,1
Agap1,1
Sbk1,1
Gm6863,1
Gm14747,1
Rptn,1
Ywhae,1
Iars2,1
Rab11a,1
Rpl19-ps1,1
Esco1,1
Uba6,1
Gm10053,1
Arid3a,1
Cops2,1
Slx1b,1
Ppif,1
Gtf2i,1
Gm7658,1
Focad,1
Gm15526,1
Rhno1,1
Trmt11,1
Phtf2,1
Fbxo21,1
Exoc2,1
Chmp2b,1
Gch1,1
Cpox,1
Gm16071,1
Oxr1,1
Ikbkap,1
Baz1a,1
Ppm1f,1
Gm10131,1
Gm4883,1
Gm6265,1
Ppp1r11,1
Ctps2,1
Sh3yl1,1
Csrp1,1
Naf1,1
Cenpj,1
Tsg101,1
Polr3h,1
Dhrs7,1
Gnai3,1
Ptprk,1
Gm9105,1
Sec61g,1
Atpif1,1
E2f7,1
Pcnx,1
4833439L19Rik,1
Shc1,1
Tulp1,1
Gm12403,1
Capzb,1
Pebp1,1
Gm15285,1
Gm9701,1
Vapa,1
Aggf1,1
E130308A19Rik,1
Kifc3,1
Tufm,1
Gm7312,1
Guk1,1
St7l,1
Fam103a1,1
Gm9386,1
Ptk7,1
Gm14143,1
Gm6361,1
Pcdhgc4,1
Hmgcs1,1
Gm1673,1
Gm5121,1
Rpl5,1
Ap2a2,1
Rybp,1
Pcyt1b,1
Mien1,1
Efemp2,1
Nfatc4,1
Hmgn2,1
Gm17181,1
Gm3608,1
Gm13880,1
Ints9,1
Crk,1
Gm5270,1
Tfam,1
Glo1,1
Polr1e,1
Ap2b1,1
Pxn,1
Hist1h2an,1
Gm13413,1
Rprd1a,1
Lancl2,1
Spats2,1
Rpa1,1
Cry1,1
Gm9078,1
Gm5446,1
Ptp4a2,1
Golga5,1
Ubox5,1
Wsb2,1
Gm27018,1
Melk,1
Notch1,1
Akap9,1
Snx27,1
Gm11645,1
Ccng1,1
Trappc6a,1
Ccdc91,1
Gm10698,1
Gpld1,1
Dtx4,1
Fam216a,1
Tmod3,1
Ensa,1
Gm6851,1
Ogfr,1
Soga1,1
Xkr6,1
Trim33,1
Srm,1
Gm5913,1
Manba,1
Gm11531,1
Mtss1,1
Gm5937,1
Kif1b,1
Rpusd4,1
Dock5,1
Cop1,1
Gm7335,1
Gm15534,1
Gm4246,1
Rrm2,1
Sox12,1
Gm10110,1
Ccpg1os,1
Gm10036,1
Helb,1
Mrps21,1
Pde6d,1
Agrn,1
Gm7418,1
Stk17b,1
Ube2nl,1
Pcbp2,1
Uchl5,1
Rpl31-ps20,1
Gm14109,1
Srpk1,1
Serinc3,1
Gm12226,1
Gm12500,1
Top2b,1
Cfl2,1
Ank3,1
Gm7099,1
Eef1b2,1
Ak6,1
Gm15654,1
Rbm8a2,1
Ipo9,1
Zkscan17,1
Tma7,1
Fadd,1
Ktn1,1
Zfp532,1
Btf3,1
Gm10180,1
Gfm2,1
Higd1a,1
Gm7399,1
Efr3b,1
Isg20l2,1
Gm5473,1
Apaf1,1
Gm16433,1
Yap1,1
Gm8425,1
Rab9b-ps1,1
Gm13183,1
2610318N02Rik,1
Pts,1
Eps15,1
Cox20-ps,1
Ppp1r2-ps4,1
Snx13,1
Gm5138,1
Gm5839,1
Mia3,1
Rpl21-ps6,1
Gm7286,1
Ppp1cb,1
Etf1,1
Spata2,1
Mbtps2,1
Glns-ps1,1
Gt(ROSA)26Sor,1
Rgs19,1
Gm3699,1
Ermp1,1
Zswim7,1
Rpl27a-ps1,1
Poll,1
Gm7327,1
Fam136b-ps,1
Setd3,1
Trip6,1
Vmp1,1
Acot10,1
Tmem55b,1
Gm8587,1
Elavl1,1
Tsnax,1
Tmem186,1
Gm12697,1
Fis1,1
Nmral1,1
Grk2,1
Rab11fip3,1
Mdm2,1
Nmnat2,1
Rgs10,1
Pomp,1
Pde7a,1
Cmtm4,1
Oxct2b,1
Slc25a22,1
mt-Atp6,1
B3gnt5,1
Spast,1
Vti1b,1
Gm13121,1
Prdx1,1
Sesn3,1
Tbc1d7,1
Hdac3,1
Gm8108,1
Gm12904,1
Senp8,1
Asnsd1,1
Ywhaq,1
Mastl,1
Gm13529,1
Otud5,1
Tstd2,1
Mdm4-ps,1
Gm9843,1
A330069E16Rik,1
Mxra8,1
Gm12118,1
Hmgb1-ps5,1
Hnrnpa2b1,1
Rpl30-ps8,1
Rps13-ps6,1
Mbd3,1
Zmym2,1
Polr3e,1
Mlxip,1
Gm1840,1
Swap70,1
Gmfg,1
Osgepl1,1
Pycrl,1
Crip1,1
Git1,1
Pnp,1
Gm45902,1
Birc2,1
Gm11507,1
Gm14270,1
Actr3,1
Fam76b,1
Gm24951,1
Bcdin3d,1
Gm11914,1
Mettl7a3,1
Sclt1,1
Adcy1,1
Gm7258,1
Gstm4,1
Nfat5,1
Mbnl1,1
Minpp1,1
Pim1,1
Atp5k-ps2,1
Rpl17-ps9,1
Ehd4,1
Hibadh,1
Larp4,1
Mapk8ip1,1
Ccdc114,1
Dip2a,1
Ptrh2,1
Serbp1,1
Gm6954,1
Pitpna,1
Mageb16,1
Zcrb1,1
Gm12045,1
Slc1a4,1
Bnip2,1
Gm6689,1
Tspan4,1
Washc3,1
Gm13750,1
Ubash3b,1
Tcp11,1
Gm16302,1
Hars2,1
Vma21,1
Fancb,1
Bcl2l12,1
Hist1h4j,1
Gm10175,1
Rhpn2,1
Rplp0,1
Cnot6l,1
Sp5,-1
Gm25805,-1
Bglap3,-1
Fads6,-1
Mcf2,-1
Obox4-ps23,-1
Gm17535,-1
Crygd,-1
Hoxd9,-1
Gm13231,-1
Nuggc,-1
Lhx2,-1
Calcoco2,-1
1700061G19Rik,-1
Prss35,-1
Gm23892,-1
Gm867,-1
Obox4-ps36,-1
Jam2,-1
Tbx3,-1
Platr7,-1
Creg1,-1
Prrc1,-1
Fetub,-1
Tenm4,-1
Gm10499,-1
Gabarapl2,-1
Pitx1,-1
Pou3f2,-1
Gm13466,-1
Cdo1,-1
Ercc4,-1
Arl14epl,-1
Ildr1,-1
Ttc28,-1
Ckb,-1
Maml2,-1
Pla1a,-1
Trpv3,-1
Sapcd1,-1
Cela2a,-1
Msc,-1
Cdhr1,-1
Srgn,-1
Gm26298,-1
A530032D15Rik,-1
Wdr95,-1
Oas1g,-1
Pip5k1b,-1
Mypn,-1
Zfp870,-1
Lipo2,-1
Lpar1,-1
Gm21978,-1
Gm14984,-1
Gm15951,-1
Gm5286,-1
Elobl,-1
Rhox1,-1
Zdhhc14,-1
Gm6401,-1
Ablim2,-1
Pglyrp1,-1
Tex13b,-1
P2rx7,-1
Kit,-1
Npas2,-1
Nol3,-1
Pik3r3,-1
Npb,-1
Ccl25,-1
Gm5117,-1
Gm8024,-1
Tspan2os,-1
Rhox4g,-1
Dclk3,-1
Acsf2,-1
Zc3hav1,-1
Notum,-1
Gm14820,-1
2310003L06Rik,-1
Mcmdc2,-1
Ltk,-1
Gm13844,-1
Speer4cos,-1
Bmp7,-1
Gm18336,-1
Gm22112,-1
Gm16133,-1
Trp53cor1,-1
Rerg,-1
Trim7,-1
Mgat4e,-1
Gm4981,-1
Arhgap30,-1
Rnf144b,-1
Vpreb1,-1
Zeb1,-1
Gm26688,-1
Phf11c,-1
Serpinb1a,-1
Ggt1,-1
Prrt4,-1
Hormad2,-1
Tiam2,-1
Gm13230,-1
Sfrp1,-1
Gstp2,-1
Pdp2,-1
Myo18b,-1
Gm4425,-1
Ly6a,-1
Vdr,-1
Saa1,-1
En2,-1
Ric3,-1
Platr13,-1
Sohlh2,-1
Gm4222,-1
Mir142hg,-1
Plbd1,-1
Lkaaear1,-1
Gm15482,-1
Ophn1,-1
Ttyh2,-1
Tfap2a,-1
Acss1,-1
Gm15362,-1
9030624G23Rik,-1
Yjefn3,-1
Aldh3a1,-1
Adgrg6,-1
E530001F21Rik,-1
Rpl10l,-1
Mras,-1
Fbxo15,-1
Gm13580,-1
Rec114,-1
Slc13a2,-1
Adgrd2-ps,-1
Tspan1,-1
H2-DMb1,-1
Cd37,-1
Gstp3,-1
Gm8127,-1
Tac2,-1
Arrdc5,-1
Gm16050,-1
Zscan5b,-1
Trim52,-1
Phf11d,-1
1700024B05Rik,-1
Ccdc141,-1
Tuba3a,-1
Ptprtos,-1
Kank4os,-1
Vmn2r-ps20,-1
Gm53,-1
Rhbdl2,-1
Pcdh19,-1
Tspo2,-1
2410137M14Rik,-1
Atxn7l1os1,-1
Bcl2l15,-1
Myo1a,-1
Jakmip1,-1
Sox1,-1
Vax2os,-1
Oas1a,-1
Gpr143,-1
Panct2,-1
Abcc2,-1
Sh2d4a,-1
Gm10720,-1
Slc22a13b-ps,-1
Smarca2,-1
Chst3,-1
Pla2g4c,-1
Gjb4,-1
H2-M6-ps,-1
Pkd1l2,-1
Adam11,-1
Cldn19,-1
Gm12463,-1
Gamt,-1
Rftn1,-1
Mep1b,-1
Gm21731,-1
Gm26647,-1
E330020D12Rik,-1
Ttll3,-1
Gm5435,-1
Smok2a,-1
Glis3,-1
Pdzrn4,-1
Trim62,-1
Rpl39l,-1
Tunar,-1
Dazl,-1
Duxf3,-1
Sema5b,-1
Gm10718,-1
4930518C09Rik,-1
Aox3,-1
Dock2,-1
H3f3a-ps2,-1
Gm6880,-1
Eif2s3y,-1
Tfeb,-1
Car8,-1
Slc4a5,-1
Accsl,-1
Robo1,-1
Isl1,-1
Nckap1l,-1
Ccser1,-1
Cbx8,-1
Arhgef26,-1
Sh2d4b,-1
Gm26797,-1
Grid1,-1
Scara5,-1
Rab20,-1
Gm6802,-1
2210409E12Rik,-1
AI427809,-1
4930533K18Rik,-1
Il34,-1
Cd3e,-1
Ppp1r14d,-1
Rapsn,-1
2310043M15Rik,-1
Jaml,-1
Sycp2l,-1
1700021A07Rik,-1
Gsc,-1
Hoxc4,-1
Slc5a1,-1
Cd180,-1
Il6ra,-1
Slc15a1,-1
Fam189a2,-1
Ifi27,-1
Apod,-1
1700049E17Rik2,-1
Vax2,-1
Gm13228,-1
Calb2,-1
Prickle2,-1
Fank1,-1
Dnah10,-1
Gm9376,-1
Popdc3,-1
Prap1,-1
4932411N23Rik,-1
Dglucy,-1
Gpat2,-1
Ddx3y,-1
Meis2,-1
Nnmt,-1
Gdf15,-1
Gm13832,-1
4930513N10Rik,-1
Gm13101,-1
Fermt3,-1
Chil1,-1
Gm21293,-1
Pdzrn3,-1
Ccdc170,-1
Gm12209,-1
Aldh1l1,-1
Htr5a,-1
Ceacam10,-1
Tmem156,-1
Hsh2d,-1
Myh7b,-1
Fkbp6,-1
AC123873.1,-1
Aurkc,-1
Nfe2,-1
Tnni1,-1
Dnajc5b,-1
Bst1,-1
Klk1,-1
Sobp,-1
G430049J08Rik,-1
Gm6507,-1
AC163611.1,-1
Snx20,-1
Aqp3,-1
Cyp4f39,-1
Pf4,-1
Tmem117,-1
Nfix,-1
Tnik,-1
Spi1,-1
Inpp5j,-1
Lcp1,-1
Zfp526,-1
Gm2832,-1
Clec4a1,-1
Tspan32,-1
Galnt18,-1
Nlrp9c,-1
Spata2l,-1
Gm15894,-1
Cpxm2,-1
Mitf,-1
Apom,-1
Casr,-1
Bhlhe22,-1
Sgcz,-1
Osr2,-1
Xlr3c,-1
Spic,-1
Mbl2,-1
P2ry6,-1
Xlr5c,-1
AC165294.1,-1
Smkr-ps,-1
Traf1,-1
Saa3,-1
2210417A02Rik,-1
AW495222,-1
Hsd17b2,-1
Igll1,-1
Tuba3b,-1
Sgo2b,-1
Slit2,-1
2410024N13Rik,-1
Xlr,-1
Mgl2,-1
Gm25152,-1
Slc6a7,-1
AW822073,-1
Kazald1,-1
Fbp2,-1
Itln1,-1
Hoxa10,-1
Dcdc2a,-1
Adamts8,-1
AI662270,-1
Gm13106,-1
Fam3b,-1
Creg2,-1
Serpina3i,-1
Aspa,-1
Kcnj12,-1
Cfap206,-1
D930019O06Rik,-1
Jak3,-1
Rubcnl,-1
Sez6l,-1
Gm5622,-1
Csgalnact1,-1
4930502E18Rik,-1
Prr18,-1
Ffar2,-1
BC053393,-1
Gm15594,-1
Gm6526,-1
Adtrp,-1
Slc22a20,-1
Klhl29,-1
Fxyd2,-1
Nr2f1,-1
Hoxb9,-1
Serpinb1b,-1
4930591A17Rik,-1
Col13a1,-1
Rit2,-1
AU015228,-1
Nlrp4a,-1
Cyp2c70,-1
Tifab,-1
Tbx18,-1
Ren1,-1
Chit1,-1
Cacna1s,-1
Sstr5,-1
Kng2,-1
Zfp536,-1
Pla2g4e,-1
D13Ertd608e,-1
Bhmt2,-1
Gm12790,-1
Cfh,-1
Ntrk3,-1
Btk,-1
Xlr5a,-1
Xlr5b,-1
Adh1,-1
Gm4027,-1
Loxhd1,-1
Saa4,-1
Cnga4,-1
Usp29,-1
Naalad2,-1
Gm12690,-1
Vmn1r-ps151,-1
Uba1y,-1
2300002M23Rik,-1
Xlr4c,-1
Lrrc15,-1
AC140325.4,-1
Klb,-1
Aqp8,-1
AC140365.1,-1
Nkx1-2,-1
Pramef6,-1
Gm428,-1
BC147527,-1
Dmgdh,-1
Usp17le,-1
Cd3d,-1
Zfy1,-1
Inpp4b,-1
Gm11427,-1
Gm13083,-1
Gm13128,-1
Tcstv1,-1
Pramef17,-1
Ddr2,-1
Nat8f2,-1
Gm11238,-1
Tcstv3,-1
Xlr4a,-1
Brinp3,-1
Myh13,-1
Crxos,-1
Gm4302,-1
Gm12800,-1
Gm11784,-1
Sash3,-1
Dcstamp,-1
2510009E07Rik,-1
Gm21818,-1
Gm2075,-1
A430089I19Rik,-1
AF067061,-1
Trim75,-1
Gm4340,-1
Gm11544,-1
Pkd2l1,-1
Slc51a,-1
B020031M17Rik,-1
Abcb5,-1
Csf3r,-1
Gm4312,-1
Xlr4b,-1
Pof1b,-1
Aqp9,-1
Arg2,-1
Obox6,-1
Nxf3,-1
Trpm1,-1
Pramel6,-1
St8sia6,-1
Gm11546,-1
Cd3g,-1
Gm13078,-1
Xlr3a,-1
Gm12794,-1
Phf11a,-1
Gm20767,-1
Gm11487,-1
Ubtfl1,-1
Xlr3b,-1
Dnajc5g,-1
AA623943,-1
Gm2035,-1
Zscan4e,-1
Uty,-1
B020004J07Rik,-1
Usp17ld,-1
Sp100,-1
Gm21761,-1
Gm2056,-1
1700013H16Rik,-1
AC133095.2,-1
Tmem92,-1
Gm11543,-1
Gm6489,-1
Gm5698,-1
Gm8711,-1
Pramel7,-1
Gm8332,-1
Gm5699,-1
Usp17la,-1
Usp17lb,-1
Zscan4b,-1
Pramef25,-1
BC080695,-1
Zscan4f,-1
Gm5039,-1
Gm6803,-1
Gm13119,-1
Usp17lc,-1
Gm2016,-1
Zscan4d,-1
Zscan4c,-1
Trim43a,-1
Gm5662,-1
